product_id,title,rating,ratings_count,initial_price,category,price,quantity,total_amount
9136281,Tommy Hilfiger,4.5,67,2899,backpacks,2899,7,20293
17633752,Lavie,4.4,226,2999,backpacks,2999,4,11996
1376949,F Gear,4.4,1052,1675,backpacks,1675,8,13400
13939916,MYTRIDENT,4.7,12,2899,bath-robe,2899,5,14495
17198778,H&M,4.5,42,1399,bathroom-accessories,1399,7,9793
19851824,AVI Living,4.0,5,1399,bath-towels,1399,10,13990
18602872,My Room,4.7,10,2999,bedsheets,2999,3,8997
18602850,My Room,4.5,22,2999,bedsheets,2999,7,20993
8430275,MYTRIDENT,4.4,26,2199,bedsheets,2199,8,17592
19788630,Home Ecstasy,4.5,6,1199,bedsheets,1199,5,5995
18346134,Arrabi,4.3,12,6329,bedsheets,6329,4,25316
18985918,Tommy Hilfiger,4.1,11,2999,bodysuit,2999,8,23992
21427828,London Rag,5.0,4,9599,boots,9599,8,76792
19277544,Marks & Spencer,4.3,24,2999,bra,2999,3,8997
13523458,shyaway,4.3,6,2547,bra,2547,6,15282
21873792,KARATCART,4.6,5,3397,bracelet,3397,5,16985
21573578,Jewels Galaxy,4.2,24,1329,bracelet,1329,2,2658
21569986,Chromozome,4.2,18,1199,briefs,1199,8,9592
18506050,Bata,4.4,86,1199,casual-shoes,1199,6,7194
21903832,U.S. Polo Assn.,4.1,16,4299,casual-shoes,4299,2,8598
21321784,San Frissco,4.3,6,5995,casual-shoes,5995,5,29975
21907914,MOZAFIA,4.0,225,1999,casual-shoes,1999,1,1999
21497770,Puma,4.1,111,4999,casual-shoes,4999,10,49990
18489168,TOMS,4.3,6,4999,casual-shoes,4999,6,29994
17312062,Clarks,4.6,31,6999,casual-shoes,6999,9,62991
16284648,Crew STREET,4.1,41,3099,casual-shoes,3099,1,3099
19103830,PUMA Motorsport,4.5,157,6999,casual-shoes,6999,10,69990
21937664,Cortina,4.7,15,2598,chair-cover,2598,3,7794
16712992,Cutiekins,4.1,454,1999,clothing-set,1999,7,13993
18193844,Rubans,4.1,25,1980,clutches,1980,4,7920
16694464,Ahalyaa,4.1,195,5000,co-ords,5000,9,45000
16185546,ellementry,5.0,5,1750,cutlery,1750,3,5250
21426422,Trendyol,4.1,10,4399,dresses,4399,5,21995
21238004,COVER STORY,4.8,24,3490,dresses,3490,3,10470
21664854,aarke Ritu Kumar,4.0,6,2200,dresses,2200,7,15400
21664974,Label Ritu Kumar,4.6,7,4500,dresses,4500,5,22500
21664840,aarke Ritu Kumar,4.0,6,3500,dresses,3500,9,31500
22004792,WoowZerz,4.8,26,2495,dresses,2495,7,17465
18962890,Athena,4.0,34,2499,dresses,2499,2,4998
18962984,Athena,4.3,236,2499,dresses,2499,4,9996
18951626,Berrylush,4.0,60,1899,dresses,1899,9,17091
18977246,AURELIA,4.1,140,4299,dresses,4299,2,8598
18962990,Athena,4.2,35,2499,dresses,2499,10,24990
18956684,Forevermore,4.2,5,1599,dresses,1599,9,14391
18981160,Amydus,4.7,43,2799,dresses,2799,10,27990
18962952,Athena,4.2,3797,2799,dresses,2799,5,13995
15788324,Tokyo Talkies,4.2,347,1399,dresses,1399,2,2798
15691070,QUIERO,4.1,474,2820,dresses,2820,4,11280
13770986,all about you,4.2,38,2999,dresses,2999,7,20993
17592092,U&F,4.1,7,2899,dresses,2899,8,23192
17661682,Tokyo Talkies,4.1,13,1549,dresses,1549,3,4647
17692718,Style Quotient,4.8,8,1599,dresses,1599,1,1599
17194598,Tokyo Talkies,4.3,48,1749,dresses,1749,4,6996
17194592,Tokyo Talkies,4.1,240,1749,dresses,1749,2,3498
18996672,Bella Moda,4.6,8,2017,dresses,2017,8,16136
15191784,Kazo,4.0,35,3690,dresses,3690,4,14760
19213200,Label Ritu Kumar,4.8,5,5200,dresses,5200,2,10400
19987092,Vastralay,4.2,17,2999,dresses,2999,6,17994
10054817,Veni Vidi Vici,4.3,110,1890,dresses,1890,6,11340
10054855,Veni Vidi Vici,4.2,389,1890,dresses,1890,10,18900
10691426,SASSAFRAS,4.5,4441,2199,dresses,2199,4,8796
18963006,Athena,4.3,45,2499,dresses,2499,6,14994
19513066,Stylecast X Hersheinbox,4.5,11,2559,dresses,2559,2,5118
18975316,Berrylush,4.2,31,3200,dresses,3200,10,32000
21664826,aarke Ritu Kumar,4.0,6,2800,dresses,2800,2,5600
21242962,Tommy Hilfiger,4.4,9,5999,dresses,5999,10,59990
21653646,ONLY,4.6,5,3299,dresses,3299,4,13196
20022902,Slenor,4.4,10,3599,dresses,3599,8,28792
22590642,YU by Pantaloons,4.8,12,1499,dresses,1499,7,10493
13572604,Tokyo Talkies,4.2,58,1799,dresses,1799,9,16191
13649832,all about you,4.3,56,1999,dresses,1999,8,15992
13387584,Wish Karo,4.1,11,1999,dresses,1999,5,9995
22622806,HERE&NOW,4.0,22,2999,dresses,2999,2,5998
13558254,Tokyo Talkies,4.1,934,1349,dresses,1349,5,6745
13586840,all about you,4.0,29,1899,dresses,1899,8,15192
13586818,all about you,4.0,208,1899,dresses,1899,10,18990
13406942,Global Desi,4.8,8,1799,dresses,1799,9,16191
1341220,Miss Chase,4.4,22,1149,dresses,1149,9,10341
13387582,Wish Karo,4.7,18,2123,dresses,2123,1,2123
13391540,Mast & Harbour,4.1,576,1999,dresses,1999,9,17991
13435624,Deewa,4.1,28,2199,dresses,2199,7,15393
13382036,plusS,4.2,623,1899,dresses,1899,9,17091
13449506,DOOR74,5.0,7,2399,dresses,2399,8,19192
22590644,YU by Pantaloons,4.7,17,1399,dresses,1399,1,1399
13398280,Zastraa,4.3,45,3299,dresses,3299,8,26392
22596522,Vero Moda,4.3,12,3799,dresses,3799,8,30392
12356000,KLEIO,4.6,8,3499,duffel-bag,3499,3,10497
15713414,Crunchy Fashion,4.2,22,1998,earrings,1998,1,1998
15750524,Priyaasi,4.4,97,7999,earrings,7999,8,63992
15014966,Priyaasi,4.9,13,3949,earrings,3949,3,11847
10125243,KARATCART,4.0,213,1282,earrings,1282,3,3846
10564232,PRITA BY PRIYAASI,4.3,727,1130,earrings,1130,1,1130
10125225,KARATCART,4.1,872,1568,earrings,1568,5,7840
10125241,KARATCART,4.2,22,1711,earrings,1711,10,17110
17354670,ANIKAS CREATION,4.0,5,1995,earrings,1995,7,13965
20041906,KARATCART,4.3,9,1730,earrings,1730,10,17300
22601952,SOHI,4.5,15,1455,earrings,1455,9,13095
22618882,Saraf RS Jewellery,4.2,99,3795,earrings,3795,7,26565
14467848,GIVA,4.4,17,2799,earrings,2799,9,25191
14399558,Shoshaa,4.6,21,2488,earrings,2488,8,19904
13402874,Crunchy Fashion,4.2,6,1575,earrings,1575,2,3150
13340876,Kord Store,4.4,7,4524,earrings,4524,1,4524
12930744,ANIKAS CREATION,4.4,16,1075,earrings,1075,7,7525
21990058,Rustorange,5.0,2,3299,ethnic-dresses,3299,7,23093
21992820,PANIT,4.4,14,7999,ethnic-dresses,7999,8,63992
15741088,Ashnaina,4.1,88,1799,ethnic-dresses,1799,5,8995
15788632,AURELIA,4.2,14,2499,ethnic-dresses,2499,3,7497
15749780,W,4.3,23,3999,ethnic-dresses,3999,8,31992
19990734,VASTRAMAY,4.7,9,2499,ethnic-dresses,2499,6,14994
13404948,YASH GALLERY,4.1,67,3899,ethnic-dresses,3899,3,11697
13355452,Rangriti,4.4,33,1299,ethnic-dresses,1299,1,1299
13405888,Saanjh,4.0,7,1969,ethnic-dresses,1969,3,5907
16704788,Birkenstock,4.5,12,4990,flats,4990,5,24950
21888172,Brauch,4.0,10,1499,flats,1499,3,4497
21735080,Birkenstock,4.5,11,6990,flats,6990,1,6990
21735014,Birkenstock,4.8,5,9490,flats,9490,5,47450
21928414,Clarks,4.0,11,3499,flats,3499,10,34990
18638536,CODE by Lifestyle,4.0,20,1499,flats,1499,7,10493
13596626,Anouk,4.3,44,2299,flats,2299,7,16093
21205620,Tommy Hilfiger,4.3,8,2599,flip-flops,2599,9,23391
18521180,Reebok,4.5,75,1999,flip-flops,1999,10,19990
21431930,yoho,4.0,24,1499,flip-flops,1499,10,14990
13374286,Saral Home,4.7,7,1999,floor-mats--dhurries,1999,3,5997
13374334,Saral Home,4.4,5,1999,floor-mats--dhurries,1999,7,13993
21931392,Clarks,4.4,7,9999,formal-shoes,9999,1,9999
17755896,Red Tape,4.0,265,6899,formal-shoes,6899,4,27596
21421856,Baggit,4.4,5,1990,handbags,1990,4,7960
21421918,Baggit,4.6,18,1890,handbags,1890,5,9450
16696848,Accessorize,4.6,38,4995,handbags,4995,7,34965
18200086,Caprese,4.0,59,3699,handbags,3699,7,25893
7743536,Lino Perros,4.5,6,4495,handbags,4495,4,17980
7743355,Lino Perros,4.3,14,3495,handbags,3495,7,24465
17637810,Toteteca,4.8,5,3099,handbags,3099,3,9297
17761230,Caprese,4.1,10,3999,handbags,3999,6,23994
15188034,Metro,4.3,10,1290,handbags,1290,2,2580
21762808,Baggit,4.6,10,1690,handbags,1690,10,16900
21421996,Baggit,4.5,40,1990,handbags,1990,9,17910
21621752,Berrylush,4.0,111,3299,handbags,3299,5,16495
13359482,FLYING BERRY,4.9,7,2999,handbags,2999,6,17994
13389422,DailyObjects,4.3,123,2999,handbags,2999,4,11996
13389410,DailyObjects,4.2,30,2999,handbags,2999,10,29990
19219056,BLAUPUNKT,4.5,11,5999,headphones,5999,7,41993
13474452,Allen Solly,4.3,14,2299,heels,2299,9,20691
17647418,FOOTONS,5.0,2,3199,heels,3199,7,22393
13475738,TRASE,4.0,39,1599,heels,1599,1,1599
22217088,DressBerry,4.1,34,1599,heels,1599,1,1599
22200396,Bruno Manetti,4.0,5,3999,heels,3999,9,35991
19217010,Inc 5,4.4,14,2690,heels,2690,9,24210
15120922,Anouk,4.0,25,2699,heels,2699,4,10796
19014822,mothercare,4.6,7,3499,jackets,3499,9,31491
19015560,U.S. Polo Assn. Kids,4.5,40,2499,jackets,2499,3,7497
19020502,U.S. Polo Assn.,4.4,338,6299,jackets,6299,7,44093
19014828,mothercare,4.5,15,2999,jackets,2999,6,17994
19015652,U.S. Polo Assn. Kids,4.2,19,2799,jackets,2799,8,22392
19020536,U.S. Polo Assn.,4.1,91,6999,jackets,6999,9,62991
19020616,U.S. Polo Assn.,4.3,47,6299,jackets,6299,5,31495
19020478,U.S. Polo Assn.,4.3,150,4599,jackets,4599,1,4599
19020722,U.S. Polo Assn.,4.0,64,5999,jackets,5999,3,17997
19837040,High Star,4.1,41,3749,jackets,3749,10,37490
19020654,U.S. Polo Assn.,4.0,54,6999,jackets,6999,8,55992
14991614,Roadster,4.2,363,1699,jackets,1699,6,10194
16182066,People,4.3,71,1799,jackets,1799,8,14392
19231126,Mast & Harbour,4.2,31,4499,jackets,4499,9,40491
19020564,U.S. Polo Assn.,4.3,112,5299,jackets,5299,4,21196
19015534,U.S. Polo Assn. Kids,4.1,33,2499,jackets,2499,1,2499
19020450,U.S. Polo Assn.,4.3,96,6499,jackets,6499,1,6499
19020572,U.S. Polo Assn.,4.0,95,5499,jackets,5499,10,54990
11973216,Mast & Harbour,4.0,378,2699,jackets,2699,4,10796
19020676,U.S. Polo Assn.,4.6,85,5699,jackets,5699,7,39893
19020568,U.S. Polo Assn.,4.2,199,6999,jackets,6999,2,13998
18973692,Levis,4.2,426,4099,jeans,4099,3,12297
18973742,Levis,4.2,182,4399,jeans,4399,1,4399
18974084,Levis,4.2,135,4399,jeans,4399,5,21995
18873126,KETCH,4.0,20,1749,jeans,1749,1,1749
18802522,BEAT LONDON by PEPE JEANS,4.0,20,2799,jeans,2799,8,22392
18973648,Levis,4.2,290,4099,jeans,4099,1,4099
18973888,Levis,4.4,333,4099,jeans,4099,1,4099
18973730,Levis,4.1,193,4399,jeans,4399,2,8798
18973948,Levis,4.0,30,4999,jeans,4999,2,9998
19008496,Calvin Klein Jeans,5.0,8,7999,jeans,7999,6,47994
18992754,AMERICAN EAGLE OUTFITTERS,4.8,5,4499,jeans,4499,7,31493
18973922,Levis,4.1,237,4099,jeans,4099,5,20495
18973950,Levis,4.1,156,4999,jeans,4999,1,4999
19842706,Llak Jeans,4.2,9,2299,jeans,2299,1,2299
13768634,Nautica,4.6,16,4999,jeans,4999,3,14997
18973728,Levis,4.4,260,4399,jeans,4399,2,8798
18903330,Levis,4.4,235,3299,jeans,3299,5,16495
18973740,Levis,4.3,340,4099,jeans,4099,10,40990
18969982,Allen Solly Junior,4.2,6,1799,jeans,1799,6,10794
18734066,Flying Machine,4.1,26,2699,jeans,2699,7,18893
18993370,Blackberrys,4.3,29,3295,jeans,3295,4,13180
15190770,AMERICAN EAGLE OUTFITTERS,4.0,6,3999,jeans,3999,7,27993
15067844,Flying Machine,4.1,69,2399,jeans,2399,8,19192
18960434,Lee,4.4,34,3999,jeans,3999,1,3999
18973952,Levis,4.1,329,3499,jeans,3499,6,20994
18689340,Flying Machine,4.3,36,2349,jeans,2349,8,18792
18973790,Levis,4.3,54,5599,jeans,5599,5,27995
21184968,HERE&NOW,4.6,111,2399,jeans,2399,4,9596
18903148,Levis,4.3,150,3899,jeans,3899,2,7798
18734006,Flying Machine,4.3,42,2499,jeans,2499,6,14994
18928362,AMERICAN EAGLE OUTFITTERS,4.1,9,4499,jeans,4499,6,26994
18964420,American Bull,4.5,2,4299,jeans,4299,1,4299
18973914,Levis,4.4,243,3799,jeans,3799,9,34191
15049188,Roadster,4.5,50,2099,jumpsuit,2099,6,12594
19841310,SHOWOFF,4.0,4,1500,kurtas,1500,3,4500
17760672,Cayman,4.0,11,1345,kurtas,1345,4,5380
17656880,Vishudh,4.4,43,1499,kurtas,1499,4,5996
16186258,Vishudh,4.2,87,1799,kurtas,1799,3,5397
22110424,VASTRADO,5.0,2,1199,kurtas,1199,10,11990
18637234,House of Pataudi,4.2,85,2499,kurtas,2499,3,7497
13562488,KSUT,4.3,95,1599,kurtas,1599,3,4797
17644540,Libas,4.2,364,2499,kurtas,2499,4,9996
13506804,Ishin,4.1,169,5199,kurtas,5199,7,36393
18637284,House of Pataudi,4.1,34,3999,kurtas,3999,4,15996
19574714,Cayman,4.3,17,5995,kurtas,5995,9,53955
19580226,DEVOILER,4.7,7,2499,kurtas,2499,1,2499
12524816,HERE&NOW,4.1,937,1199,kurtas,1199,8,9592
12531668,INDYA,4.4,10,2900,kurtas,2900,7,20300
19688180,KALINI,4.1,11,1499,kurtas,1499,2,2998
19027402,Jompers,4.5,6,3499,kurta-sets,3499,8,27992
18925432,Indo Era,4.7,14,5399,kurta-sets,5399,1,5399
18946592,Indian Virasat,4.3,9,2999,kurta-sets,2999,9,26991
19027352,Jompers,4.2,104,2199,kurta-sets,2199,9,19791
17754514,Indo Era,4.1,91,6799,kurta-sets,6799,2,13598
19027424,Jompers,4.1,151,2199,kurta-sets,2199,7,15393
19027432,Jompers,4.4,35,2999,kurta-sets,2999,10,29990
15189724,VASTRAMAY,4.2,62,1799,kurta-sets,1799,3,5397
19027420,Jompers,4.0,10,3499,kurta-sets,3499,7,24493
14325388,Anouk,4.1,99,2899,kurta-sets,2899,10,28990
17090208,Anouk,4.3,100,3399,kurta-sets,3399,9,30591
13446422,Biba,4.4,749,4995,kurta-sets,4995,4,19980
15898082,Bailey sells,4.6,5,1450,nightdress,1450,1,1450
17288308,KID1,4.0,16,1499,night-suits,1499,2,2998
18209958,Sweet Dreams,4.1,13,2099,night-suits,2099,1,2099
15973760,Zoom Minimondo,4.8,10,1299,night-suits,1299,5,6495
17361920,Indo Era,4.2,23,1799,palazzos,1799,5,8995
17307424,Clora Creation,4.0,3,2399,palazzos,2399,7,16793
17288460,Cutiekins,4.2,26,1099,palazzos,1099,9,9891
15782402,BEARDO,4.4,153,2700,perfume-and-body-mist,2700,9,24300
15294314,Zaveri Pearls,4.4,27,1995,ring,1995,3,5985
16254760,Zaveri Pearls,4.2,504,2250,ring,2250,3,6750
10018911,SEJ by Nisha Gupta,4.5,13,1849,runners,1849,3,5547
19183770,Crocs,4.1,21,3295,sandals,3295,4,13180
18949542,Red Chief,4.3,32,3099,sandals,3099,8,24792
15725544,SALWAR STUDIO,4.1,12,3555,saree-blouse,3555,6,21330
14654046,SALWAR STUDIO,4.4,12,4995,saree-blouse,4995,8,39960
18465340,Silk Land,4.1,15,4125,sarees,4125,1,4125
17292364,Mitera,4.0,18,4199,sarees,4199,8,33592
16287654,Saree mall,4.1,359,4099,sarees,4099,4,16396
16287830,Saree mall,4.2,12,4099,sarees,4099,1,4099
16287764,Saree mall,4.1,129,4799,sarees,4799,8,38392
19823504,VAIRAGEE,4.2,19,9995,sarees,9995,4,39980
16293500,BELLEZIYA,4.3,3,1249,scarves,1249,6,7494
16293432,BELLEZIYA,4.7,6,1499,scarves,1499,8,11992
16779444,FIXDERMA COSMETIC LABORATORIES,4.8,5,1250,shampoo-and-conditioner,1250,4,5000
17332192,KISAH,4.3,3,13099,sherwani,13099,3,39297
18960048,The Indian Garage Co,4.2,128,1749,shirts,1749,9,15741
18960188,The Indian Garage Co,4.4,35,1749,shirts,1749,3,5247
18960016,The Indian Garage Co,4.0,102,1749,shirts,1749,9,15741
18996778,U.S. Polo Assn.,4.2,10,2599,shirts,2599,2,5198
18996772,U.S. Polo Assn.,4.9,10,2799,shirts,2799,2,5598
18960086,The Indian Garage Co,4.5,23,1749,shirts,1749,2,3498
18971858,Sztori,4.0,43,2699,shirts,2699,6,16194
17304036,SPYKAR,4.0,26,2199,shirts,2199,3,6597
17377642,Roadster,4.0,94,1499,shirts,1499,9,13491
18463946,Lee,4.5,15,2399,shirts,2399,4,9596
13621622,U.S. Polo Assn.,4.4,41,2399,shirts,2399,1,2399
17719808,Louis Philippe Jeans,4.5,18,2199,shirts,2199,4,8796
18759238,HERE&NOW,4.3,32,1399,shirts,1399,1,1399
20394602,Cantabil,4.4,38,1999,shirts,1999,5,9995
13672974,WROGN,4.1,250,2599,shirts,2599,4,10396
13694492,Ecentric,4.5,22,2499,shirts,2499,8,19992
21388884,French Connection,4.3,58,2199,shirts,2199,8,17592
13681812,Ecentric,4.0,5,2499,shirts,2499,7,17493
21396820,Jack & Jones,4.4,15,3499,shirts,3499,3,10497
16042682,Nautica,4.2,15,3599,shirts,3599,1,3599
18996754,U.S. Polo Assn.,4.1,9,2599,shirts,2599,1,2599
18927466,U.S. Polo Assn.,4.0,69,2299,shirts,2299,3,6897
17296250,CAVIO,4.3,20,1290,shirts,1290,6,7740
17280264,HIGHLANDER,4.2,1246,1199,shirts,1199,7,8393
17355950,Mast & Harbour,4.0,78,1999,shirts,1999,6,11994
17307612,Louis Philippe Jeans,4.3,23,2199,shirts,2199,6,13194
17345842,JC Collection,4.1,12,3499,shirts,3499,6,20994
17278954,KETCH,4.0,79,1249,shirts,1249,3,3747
17307656,SIMON CARTER LONDON,4.6,5,2799,shirts,2799,6,16794
17313630,JAINISH,4.1,68,1999,shirts,1999,8,15992
17342230,Pepe Jeans,4.3,6,1599,shirts,1599,2,3198
17331296,Fabindia,4.4,5,1699,shirts,1699,5,8495
17345374,Pepe Jeans,4.0,34,2499,shirts,2499,1,2499
17355884,Mast & Harbour,4.1,167,1999,shirts,1999,1,1999
17322122,JAINISH,4.0,2,1599,shirts,1599,5,7995
17293106,DressBerry,4.2,622,1599,shirts,1599,3,4797
17342236,Pepe Jeans,4.4,16,1599,shirts,1599,4,6396
17322136,JAINISH,4.0,5,1399,shirts,1399,3,4197
17375000,ColorPlus,4.5,15,2399,shirts,2399,1,2399
17289100,Roadster,4.3,7,1899,shirts,1899,1,1899
17313676,JAINISH,4.0,11,1499,shirts,1499,5,7495
17352294,Mast & Harbour,4.0,195,2099,shirts,2099,6,12594
18960146,The Indian Garage Co,4.0,61,1749,shirts,1749,3,5247
18970712,Tommy Hilfiger,4.5,10,3299,shirts,3299,9,29691
18960126,The Indian Garage Co,4.1,21,1749,shirts,1749,5,8745
18970848,Tommy Hilfiger,4.6,14,2799,shirts,2799,8,22392
18969276,Ruhaans,4.1,14,1399,shirts,1399,1,1399
13692652,M&H Our Water,4.2,78,2499,shirts,2499,5,12495
13768790,Nautica,4.3,40,3299,shirts,3299,3,9897
13453254,DENNISON,4.6,7,2199,shirts,2199,1,2199
18450788,Nautica,4.3,118,4299,shirts,4299,4,17196
18690268,Dennis Lingo,4.6,5,1999,shirts,1999,5,9995
13770578,Nautica,4.4,53,2799,shirts,2799,7,19593
13675502,Flying Machine,4.1,108,1799,shirts,1799,1,1799
13775106,RARE RABBIT,4.4,63,3299,shirts,3299,3,9897
13470886,Roadster,4.1,203,1399,shirts,1399,2,2798
13722850,Roadster,4.4,39,1999,shirts,1999,9,17991
18443082,Marks & Spencer,4.3,19,1999,shirts,1999,10,19990
20042586,Flying Machine,4.4,140,1799,shirts,1799,6,10794
20308616,Arrow,4.0,64,2499,shirts,2499,10,24990
20308496,Arrow,4.3,70,2499,shirts,2499,3,7497
20308670,Arrow,4.7,64,2399,shirts,2399,8,19192
19999300,Dennis Lingo,4.4,16,2499,shirts,2499,8,19992
20308620,Arrow,4.0,59,2499,shirts,2499,2,4998
19276504,Turtle,4.7,7,1399,shirts,1399,6,8394
19299798,Louis Philippe,4.4,32,2799,shirts,2799,7,19593
18903374,Levis,4.6,168,2599,shirts,2599,2,5198
18947596,KASSUALLY,4.7,9,1799,shorts,1799,10,17990
18946864,Cub McPaws,4.5,20,1499,shorts,1499,2,2998
18921438,Gini and Jony,4.6,28,1599,shorts,1599,10,15990
13624708,Nike,4.4,376,1795,shorts,1795,1,1795
13695234,HRX by Hrithik Roshan,4.4,150,1499,shorts,1499,8,11992
13610026,HRX by Hrithik Roshan,4.2,84,1899,shorts,1899,1,1899
14561272,ASICS,5.0,5,2299,shorts,2299,9,20691
19024468,Blackberrys,4.1,9,1695,shorts,1695,6,10170
17332648,Tommy Hilfiger,4.7,9,2999,shorts,2999,7,20993
15177608,HRX by Hrithik Roshan,4.5,61,1399,shorts,1399,10,13990
18947600,KASSUALLY,4.7,38,1899,shorts,1899,7,13293
18658050,Allen Solly,4.6,13,1799,shorts,1799,10,17990
13572038,Shae by SASSAFRAS,4.3,51,1999,skirts,1999,3,5997
17367638,Berrylush,4.3,16,1199,skirts,1199,2,2398
17306258,Purple Feather,4.2,81,1499,skirts,1499,9,13491
17367634,Berrylush,4.3,43,1399,skirts,1399,8,11192
17745816,Lancer,4.0,6,1999,sports-shoes,1999,10,19990
10667394,Campus,4.1,35,1499,sports-shoes,1499,7,10493
20071104,ADIDAS,4.5,149,4299,sports-shoes,4299,9,38691
20072084,ADIDAS,4.1,22,5999,sports-shoes,5999,4,23996
20071558,ADIDAS,4.1,231,3599,sports-shoes,3599,4,14396
20071402,ADIDAS,4.5,149,4599,sports-shoes,4599,1,4599
20070948,ADIDAS,4.1,52,5999,sports-shoes,5999,8,47992
20070966,ADIDAS,4.2,36,4799,sports-shoes,4799,3,14397
20071236,ADIDAS,4.3,57,5299,sports-shoes,5299,7,37093
11441718,Duke,4.2,50,2695,sports-shoes,2695,2,5390
11627996,Yuuki,4.2,56,2999,sports-shoes,2999,2,5998
19334942,ELEVAR,4.3,6,5490,sports-shoes,5490,7,38430
13484354,Puma,4.3,19,12999,sports-shoes,12999,6,77994
11960808,Campus,4.2,76,1499,sports-shoes,1499,3,4497
19102564,Puma,4.3,58,11999,sports-shoes,11999,9,107991
19402102,U.S. Polo Assn.,4.0,124,4999,sports-shoes,4999,10,49990
16880520,PUMA Hoops,4.1,24,8999,sports-shoes,8999,6,53994
18356356,Nautica,4.4,109,5499,sports-shoes,5499,10,54990
18906230,Skechers,4.5,127,7499,sports-shoes,7499,10,74990
18373464,ADIDAS,4.1,113,3599,sports-shoes,3599,6,21594
16824638,Puma,4.3,14,9999,sports-shoes,9999,1,9999
18374802,ADIDAS,4.5,21,12999,sports-shoes,12999,4,51996
16824670,Puma,4.1,31,9999,sports-shoes,9999,10,99990
18374286,ADIDAS,4.2,22,5999,sports-shoes,5999,6,35994
18373646,ADIDAS,4.3,319,3799,sports-shoes,3799,6,22794
18373380,ADIDAS,4.2,73,4799,sports-shoes,4799,5,23995
16864474,Puma,5.0,3,6999,sports-shoes,6999,1,6999
18374978,ADIDAS,4.4,94,4999,sports-shoes,4999,8,39992
18906226,Skechers,4.4,93,6499,sports-shoes,6499,5,32495
18374614,ADIDAS,4.3,11,18999,sports-shoes,18999,5,94995
16305908,Campus,4.3,23,1399,sports-shoes,1399,7,9793
16279696,Forever Glam by Pantaloons,4.3,6,1699,sports-shoes,1699,4,6796
13072098,Puma,4.7,7,4499,sports-shoes,4499,6,26994
19298764,Campus,4.6,71,1299,sports-shoes,1299,4,5196
18430170,Roadster,4.3,64,1499,sweaters,1499,3,4497
10349091,Monte Carlo,4.6,9,2840,sweaters,2840,7,19880
10135715,Mast & Harbour,4.0,213,1599,sweaters,1599,8,12792
21296678,Marks & Spencer,4.6,22,3999,sweaters,3999,4,15996
19432310,Marks & Spencer,4.2,14,3999,sweaters,3999,2,7998
11843058,MANGO,4.3,9,2590,sweaters,2590,10,25900
20712132,Trendyol,4.4,5,3599,sweaters,3599,3,10797
11990920,Roadster,4.3,179,1699,sweaters,1699,1,1699
19055422,Monte Carlo,4.2,18,2080,sweaters,2080,8,16640
14335776,INVICTUS,4.0,345,2199,sweaters,2199,3,6597
11990978,Roadster,4.4,302,1999,sweaters,1999,10,19990
11972948,Mast & Harbour,4.1,213,1599,sweaters,1599,7,11193
11990952,Roadster,4.3,449,1699,sweaters,1699,10,16990
14279412,Harvard,4.2,47,1899,sweaters,1899,5,9495
18241626,Roadster,4.5,25,1699,sweaters,1699,10,16990
18241644,Roadster,4.3,55,1999,sweaters,1999,5,9995
18240570,all about you,4.3,53,2499,sweaters,2499,7,17493
18240582,all about you,4.4,39,2499,sweaters,2499,9,22491
18337610,Roadster,4.3,32,2299,sweaters,2299,5,11495
18240902,Mr Bowerbird,4.0,31,3299,sweaters,3299,1,3299
18241294,Roadster,4.3,90,1699,sweaters,1699,10,16990
18180102,INVICTUS,4.0,45,1698,sweaters,1698,10,16980
18241298,Roadster,4.3,59,1999,sweaters,1999,1,1999
18260104,Mast & Harbour,4.5,62,2399,sweaters,2399,2,4798
18820948,Tommy Hilfiger,4.3,24,5599,sweatshirts,5599,6,33594
18825046,Tommy Hilfiger,4.2,29,4599,sweatshirts,4599,9,41391
18929548,Mast & Harbour,4.4,79,1599,sweatshirts,1599,8,12792
9867517,ether,4.1,416,1299,sweatshirts,1299,5,6495
6510138,Roadster,4.3,959,1999,sweatshirts,1999,1,1999
18071360,ether,4.2,84,1399,sweatshirts,1399,7,9793
18825178,Tommy Hilfiger,4.3,37,4999,sweatshirts,4999,5,24995
18830500,White Snow,4.2,10,1599,sweatshirts,1599,6,9594
9656079,Sztori,4.2,294,2499,sweatshirts,2499,7,17493
20389784,SPYKAR,4.6,9,2999,sweatshirts,2999,3,8997
18820780,Tommy Hilfiger,4.0,35,4999,sweatshirts,4999,10,49990
18820580,Tommy Hilfiger,4.2,33,5599,sweatshirts,5599,3,16797
10388101,Allen Solly Woman,4.5,4,1799,sweatshirts,1799,5,8995
17121312,Marks & Spencer,4.5,30,2499,swim-tops,2499,6,14994
18937628,her by invictus,4.2,29,1398,tops,1398,9,12582
18990292,HILL STREET,4.5,15,1699,tops,1699,5,8495
18972748,Zink London,4.3,7,1499,tops,1499,1,1499
18904492,Levis,4.4,50,2099,tops,2099,4,8396
13583566,Chemistry,4.5,20,1499,tops,1499,5,7495
13611204,Roadster,4.2,266,1889,tops,1889,10,18890
20092320,Forever New,4.4,26,3200,tops,3200,10,32000
20222144,CODE by Lifestyle,4.0,10,1599,tops,1599,5,7995
17763368,Honey by Pantaloons,4.0,7,1299,tops,1299,7,9093
17628058,Maishi,4.6,7,1599,tops,1599,4,6396
17628394,ONLY,4.2,25,2499,tops,2499,1,2499
17178948,FOREVER 21,4.4,11,1049,tops,1049,5,5245
17108574,4WRD by Dressberry,4.2,68,1199,tops,1199,7,8393
18879656,MANGO,4.3,165,1990,tops,1990,10,19900
18626976,ONLY,4.2,78,2299,tops,2299,10,22990
17121092,Marks & Spencer,4.0,16,2999,tops,2999,6,17994
18854764,KAMI KUBI,5.0,4,1299,tops,1299,5,6495
18904472,Levis,4.4,44,2299,tops,2299,4,9196
17255462,NEUDIS,4.3,71,1499,tops,1499,2,2998
17120826,Hancock,4.1,52,1999,tops,1999,4,7996
18814970,Berrylush,4.6,75,1299,tops,1299,10,12990
17257582,FableStreet,4.2,37,1795,tops,1795,10,17950
17255498,NEUDIS,4.1,44,1499,tops,1499,3,4497
22747068,Madame,4.0,5,1399,tops,1399,10,13990
18948348,Madame,4.2,11,1899,tops,1899,1,1899
17944580,ONLY,4.2,76,2299,tops,2299,8,18392
20383782,Chemistry,4.5,17,1299,tops,1299,5,6495
8675767,MANGO,4.2,15,3490,tops,3490,4,13960
17973634,InWeave,4.4,21,2199,tops,2199,8,17592
7117598,ONLY,4.2,40,1499,tops,1499,7,10493
18847712,KALINI,4.4,9,1975,tops,1975,2,3950
8365569,Nun,4.9,14,1495,tops,1495,1,1495
8367605,Berrylush,4.3,93,1290,tops,1290,4,5160
7183090,Globus,4.2,29,1299,tops,1299,8,10392
9557519,MANGO,5.0,1,2490,tops,2490,2,4980
17976710,MANGO,4.1,36,3590,tops,3590,3,10770
14340794,MANGO,4.1,82,2390,tops,2390,1,2390
19410570,H&M,4.3,44,1499,tops,1499,1,1499
7829467,Oxolloxo,4.0,5,1399,tops,1399,3,4197
17950338,PURVAJA,4.2,16,2199,tops,2199,5,10995
11876926,AND,4.4,57,1999,tops,1999,3,5997
7326508,MISH,4.7,25,1499,tops,1499,1,1499
18000968,Harpa,4.4,21,1049,tops,1049,1,1049
18962100,Nike,4.4,72,2495,tops,2495,8,19960
18974594,SPACES,4.3,16,3799,towel-set,3799,10,37990
18974634,AUSTIVO,4.5,35,1899,track-pants,1899,2,3798
18970176,Allen Solly Junior,4.6,30,1599,track-pants,1599,3,4797
17628782,Roadster,4.1,81,1999,track-pants,1999,2,3998
17628712,Roadster,4.3,65,1799,track-pants,1799,3,5397
18537496,Bannos Swagger,5.0,5,1699,track-pants,1699,7,11893
18970196,Allen Solly Junior,4.3,12,1499,track-pants,1499,1,1499
18970104,Allen Solly Junior,4.8,14,1499,track-pants,1499,10,14990
17760062,H&M,4.2,608,1499,trousers,1499,8,11992
17647372,bebe,4.2,38,2899,trousers,2899,10,28990
17760038,H&M,4.3,128,1299,trousers,1299,10,12990
19289426,Van Heusen Woman,4.1,13,2499,trousers,2499,10,24990
10019547,XYXX,4.7,9,1197,trunk,1197,2,2394
17352320,ether,4.4,70,1099,tshirts,1099,3,3297
8901821,UNDER ARMOUR,4.3,64,1999,tshirts,1999,9,17991
18817326,Tommy Hilfiger,4.4,58,2799,tshirts,2799,7,19593
8426447,WROGN,4.2,514,1599,tshirts,1599,4,6396
18818696,Tommy Hilfiger,4.4,58,1999,tshirts,1999,10,19990
13511732,Puma,4.4,167,3999,tshirts,3999,5,19995
13615634,U.S. Polo Assn.,4.5,69,1699,tshirts,1699,2,3398
13620624,Roadster,4.0,154,1399,tshirts,1399,8,11192
13502414,Puma,4.3,327,1499,tshirts,1499,4,5996
13621134,Roadster,4.1,312,1399,tshirts,1399,9,12591
17686030,Allen Solly Tribe,4.3,23,1499,tshirts,1499,5,7495
13480864,Aeropostale,4.2,13,1199,tshirts,1199,9,10791
16277914,Parx,4.9,7,1399,tshirts,1399,4,5596
16292318,Bewakoof,4.2,17,1399,tshirts,1399,10,13990
20085320,BULLMER,4.8,12,3998,tshirts,3998,5,19990
12987894,AMERICAN EAGLE OUTFITTERS,4.4,5,1799,tshirts,1799,9,16191
19291812,Mad Over Print,4.8,5,1599,tshirts,1599,8,12792
19206288,FERANOID,4.2,21,1199,tshirts,1199,3,3597
16287616,Juniper,4.3,346,1299,tunics,1299,1,1299
16287462,Juniper,4.3,335,1299,tunics,1299,3,3897
16293014,Nayo,4.2,514,1199,tunics,1199,4,4796
16293018,Nayo,4.3,687,1199,tunics,1199,2,2398
17716590,Tommy Hilfiger,4.5,39,4299,wallets,4299,1,4299
9452773,Louis Philippe,4.3,401,1799,wallets,1799,7,12593
18864968,Lavie,4.4,21,1999,wallets,1999,8,15992
9029979,Hidesign,4.4,8,2595,wallets,2595,7,18165
16295388,LOUIS STITCH,4.4,10,4200,wallets,4200,5,21000
17981742,MVMT,4.5,11,20832,watches,20832,1,20832
17697474,Timex,4.9,8,1995,watches,1995,7,13965
8076639,French Connection,4.4,563,6250,watches,6250,7,43750
21948792,Adwitiya Collection,4.1,7,9709,watches,9709,9,87381
2466414,Daniel Klein,4.4,940,6950,watches,6950,3,20850
11791782,CASIO,4.6,29,3595,watches,3595,9,32355
19322504,V2A,4.0,6,1599,watches,1599,1,1599
8481603,French Connection,4.5,149,6250,watches,6250,1,6250
16896006,GUESS,5.0,22,8900,watches,8900,4,35600
19280114,Fastrack,4.3,17,3295,watches,3295,9,29655
